{
  "hsv_v": 0.49832776691854797,
  "degrees": 0.6049646176559591,
  "translate": 0.19957361172113447,
  "scale": 0.1026328417118754,
  "shear": 2.9250861372755717,
  "fliplr": 0.021667000727169705,
  "mosaic": 0.014510360427424096,
  "erasing": 0.47123981663186826,
  "lr0": 0.00011762139609614262,
  "lrf": 0.0010020429457520818,
  "cls": 1.2714534368826111,
  "box": 11.124594994498366
}