{
  "best_trial": 0,
  "best_mAP50": 0.2270203318529419,
  "best_params": {
    "hsv_v": 0.4473925693851508,
    "degrees": 12.967724032473793,
    "translate": 0.12650204438765192,
    "scale": 0.1063103410182646,
    "shear": 9.117356064799726,
    "fliplr": 0.1292718798813579,
    "mosaic": 0.12037054006483368,
    "erasing": 0.36985789695379745,
    "lr0": 0.0018866105279260839,
    "lrf": 0.004475964971487039,
    "cls": 2.4882237117433683,
    "box": 10.409150038932367
  },
  "total_trials": 1,
  "all_trials": [
    {
      "trial_number": 0,
      "mAP50": 0.2270203318529419,
      "duration_minutes": 28.83,
      "timestamp": "2026-05-08 14:04:52",
      "is_best": false,
      "params": {
        "hsv_v": 0.4473925693851508,
        "degrees": 12.967724032473793,
        "translate": 0.12650204438765192,
        "scale": 0.1063103410182646,
        "shear": 9.117356064799726,
        "fliplr": 0.1292718798813579,
        "mosaic": 0.12037054006483368,
        "erasing": 0.36985789695379745,
        "lr0": 0.0018866105279260839,
        "lrf": 0.004475964971487039,
        "cls": 2.4882237117433683,
        "box": 10.409150038932367
      },
      "fixed_params": {
        "hsv_h": 0.0,
        "hsv_s": 0.0,
        "flipud": 0.0,
        "cutmix": 0.0,
        "auto_augment": false,
        "optimizer": "AdamW",
        "epochs": 300,
        "imgsz": 1280,
        "batch": 6,
        "patience": 50
      },
      "all_metrics": {
        "metrics/precision(B)": 0.28766882460298804,
        "metrics/recall(B)": 0.3301580494168715,
        "metrics/mAP50(B)": 0.2270203318529419,
        "metrics/mAP50-95(B)": 0.08280276807439757,
        "fitness": 0.08280276807439757
      }
    }
  ]
}